gene,mimNumber,preferredTitle,uniprot_id
PLK2,607023,POLO-LIKE KINASE 2; PLK2,Q9NYY3
SIK1B,Not Found,Not Found,
MAP2K6,601254,MITOGEN-ACTIVATED PROTEIN KINASE KINASE 6; MAP2K6,P52564
PIM1,164960,ONCOGENE PIM 1; PIM1,P11309
TAOK3,616711,TAO KINASE 3; TAOK3,Q9H2K8
CDK17,603440,CYCLIN-DEPENDENT KINASE 17; CDK17,Q00537
CDC42BPA,603412,"CDC42-BINDING PROTEIN KINASE, ALPHA; CDC42BPA",Q5VT25
PIK3C2B,602838,"PHOSPHATIDYLINOSITOL 3-KINASE, CLASS 2, BETA; PIK3C2B",O00750
NRBP1,606010,NUCLEAR RECEPTOR-BINDING PROTEIN 1; NRBP1,Q9UHY1
PIP5KL1,612865,PHOSPHATIDYLINOSITOL 4-PHOSPHATE-5-KINASE-LIKE 1; PIP5KL1,Q5T9C9
LIMK1,601329,LIM DOMAIN KINASE 1; LIMK1,P53667
PKN1,601032,PROTEIN KINASE N1; PKN1,Q16512
PRKY,400008,"PROTEIN KINASE, Y-LINKED; PRKY",O43930
MAP3K1,613762,"46,XY SEX REVERSAL 6; SRXY6",Q13233
CDK20,610076,CYCLIN-DEPENDENT KINASE 20; CDK20,Q8IZL9
CDK12,615514,CYCLIN-DEPENDENT KINASE 12; CDK12,Q9NYV4
CAMK1,604998,CALCIUM/CALMODULIN-DEPENDENT PROTEIN KINASE I; CAMK1,Q14012
PLK1,602098,POLO-LIKE KINASE 1; PLK1,P53350
MATK,600038,MEGAKARYOCYTE-ASSOCIATED TYROSINE KINASE; MATK,P42679
GSK3A,606784,GLYCOGEN SYNTHASE KINASE 3-ALPHA; GSK3A,P49840
MAPK7,602521,MITOGEN-ACTIVATED PROTEIN KINASE 7; MAPK7,Q13164
TSSK3,607660,TESTIS-SPECIFIC SERINE/THREONINE KINASE 3; TSSK3,Q96PN8
TRIB2,609462,TRIBBLES PSEUDOKINASE 2; TRIB2,Q92519
NEK11,609779,NIMA-RELATED KINASE 11; NEK11,Q8NG66
STYK1,611433,SERINE/THREONINE/TYROSINE KINASE 1; STYK1,Q6J9G0
MAPK9,602896,MITOGEN-ACTIVATED PROTEIN KINASE 9; MAPK9,P45984
RPS6KB2,608939,RIBOSOMAL PROTEIN S6 KINASE B2; RPS6KB2,Q9UBS0
DAPK3,603289,DEATH-ASSOCIATED PROTEIN KINASE 3; DAPK3,O43293
CDK2,116953,CYCLIN-DEPENDENT KINASE 2; CDK2,P24941
SBK1,620212,SH3 DOMAIN-BINDING KINASE 1; SBK1,Q52WX2
YES1,164880,V-YES-1 YAMAGUCHI SARCOMA VIRAL ONCOGENE; YES1,P07947
IPPK,619043,INOSITOL-PENTAKISPHOSPHATE 2-KINASE; IPPK,Q9H8X2
VRK3,619771,VRK SERINE/THREONINE KINASE 3; VRK3,Q8IV63
RPS6KA5,603607,RIBOSOMAL PROTEIN S6 KINASE A5; RPS6KA5,O75582
PKMYT1,602474,"PROTEIN KINASE, MEMBRANE-ASSOCIATED TYROSINE/THREONINE, 1; PKMYT1",Q99640
PRPF4B,602338,PRE-mRNA-PROCESSING FACTOR 4B; PRPF4B,Q13523
CDC7,603311,CELL DIVISION CYCLE 7; CDC7,O00311
RPS6KB1,608938,RIBOSOMAL PROTEIN S6 KINASE B1; RPS6KB1,P23443
TTBK1,619415,TAU TUBULIN KINASE 1; TTBK1,Q5TCY1
GRK7,606987,G PROTEIN-COUPLED RECEPTOR KINASE 7; GRK7,Q8WTQ7
MAP3K11,600050,MITOGEN-ACTIVATED PROTEIN KINASE KINASE KINASE 11; MAP3K11,Q16584
MAP3K9,600136,MITOGEN-ACTIVATED PROTEIN KINASE KINASE KINASE 9; MAP3K9,P80192
MAP3K4,602425,MITOGEN-ACTIVATED PROTEIN KINASE KINASE KINASE 4; MAP3K4,Q9Y6R4
WEE1,193525,WEE1 G2 CHECKPOINT KINASE; WEE1,P30291
NTRK3,191316,"NEUROTROPHIC TYROSINE KINASE, RECEPTOR, TYPE 3; NTRK3",Q16288
NEK5,616731,NIMA-RELATED KINASE 5; NEK5,
PHKG1,172470,"PHOSPHORYLASE KINASE, MUSCLE, GAMMA-1; PHKG1",Q16816
MAP3K21,614793,MITOGEN-ACTIVATED PROTEIN KINASE KINASE KINASE 21; MAP3K21,Q5TCX8
IKBKE,605048,"INHIBITOR OF NUCLEAR FACTOR KAPPA-B KINASE, SUBUNIT EPSILON; IKBKE",Q14164
EPHB1,600600,EPHRIN RECEPTOR EphB1; EPHB1,P54762
PDPK1,605213,3-PHOSPHOINOSITIDE-DEPENDENT PROTEIN KINASE 1; PDPK1,O15530
RPS6KA2,601685,RIBOSOMAL PROTEIN S6 KINASE A2; RPS6KA2,Q15349
MAP3K13,604915,MITOGEN-ACTIVATED PROTEIN KINASE KINASE KINASE 13; MAP3K13,O43283
STRADB,607333,STE20-RELATED KINASE ADAPTOR BETA; STRADB,Q9C0K7
MAPK14,600289,MITOGEN-ACTIVATED PROTEIN KINASE 14; MAPK14,Q16539
FYN,137025,"FYN PROTOONCOGENE, SRC FAMILY TYROSINE KINASE; FYN",P06241
TEC,600583,TEC PROTEIN TYROSINE KINASE; TEC,P42680
PTK2,600758,"PROTEIN-TYROSINE KINASE, CYTOPLASMIC; PTK2",Q05397
CDC42BPG,613991,"CDC42-BINDING PROTEIN KINASE, GAMMA; CDC42BPG",Q6DT37
TRIB3,607898,TRIBBLES PSEUDOKINASE 3; TRIB3,Q96RU7
MAPK8,601158,MITOGEN-ACTIVATED PROTEIN KINASE 8; MAPK8,P45983
IRAK2,603304,INTERLEUKIN 1 RECEPTOR-ASSOCIATED KINASE 2; IRAK2,O43187
PRKD3,607077,"PROTEIN KINASE C, NU; PRKCN",O94806
ULK3,613472,UNC51-LIKE KINASE 3; ULK3,Q6PHR2
MAP4K5,604923,MITOGEN-ACTIVATED PROTEIN KINASE KINASE KINASE KINASE 5; MAP4K5,Q9Y4K4
CAMKK1,611411,"CALCIUM/CALMODULIN-DEPENDENT PROTEIN KINASE KINASE 1, ALPHA; CAMKK1",Q8N5S9
MAP3K15,300820,MITOGEN-ACTIVATED PROTEIN KINASE KINASE KINASE 15; MAP3K15,Q6ZN16
MAPK12,602399,MITOGEN-ACTIVATED PROTEIN KINASE 12; MAPK12,P53778
LMTK2,610989,LEMUR TYROSINE KINASE 2; LMTK2,Q8IWU2
BMP2K,617648,BMP2-INDUCIBLE KINASE; BMP2K,Q9NSY1
PRKAA2,600497,"PROTEIN KINASE, AMP-ACTIVATED, CATALYTIC, ALPHA-2; PRKAA2",P54646
RPS6KC1,617517,RIBOSOMAL PROTEIN S6 KINASE C1; RPS6KC1,Q96S38
LATS2,604861,LARGE TUMOR SUPPRESSOR KINASE 2; LATS2,Q9NRM7
RPS6KA6,300303,RIBOSOMAL PROTEIN S6 KINASE A6; RPS6KA6,Q9UK32
EPHB6,602757,EPHRIN RECEPTOR EphB6; EPHB6,O15197
CAMK2D,607708,CALCIUM/CALMODULIN-DEPENDENT PROTEIN KINASE II-DELTA; CAMK2D,Q13557
DCLK1,604742,DOUBLECORTIN-LIKE KINASE 1; DCLK1,O15075
ETNK1,609858,ETHANOLAMINE KINASE 1; ETNK1,Q9HBU6
CDK18,169190,CYCLIN-DEPENDENT KINASE 18; CDK18,Q07002
RPS6KL1,Not Found,Not Found,
BMX,300101,"BONE MARROW KINASE, X-LINKED; BMX",P51813
PIK3C2G,609001,"PHOSPHATIDYLINOSITOL 3-KINASE, CLASS 2, GAMMA; PIK3C2G",O75747
IRAK1,300283,INTERLEUKIN 1 RECEPTOR-ASSOCIATED KINASE 1; IRAK1,P51617
KSR1,601132,KINASE SUPPRESSOR OF RAS 1; KSR1,Q8IVT5
MARK1,606511,MAP/MICROTUBULE AFFINITY-REGULATING KINASE 1; MARK1,Q9P0L2
CSNK1G3,604253,"CASEIN KINASE I, GAMMA-3; CSNK1G3",Q9Y6M4
MAP4K2,603166,MITOGEN-ACTIVATED PROTEIN KINASE KINASE KINASE KINASE 2; MAP4K2,Q12851
MYO3B,610040,MYOSIN IIIB; MYO3B,Q8WXR4
IP6K3,606993,INOSITOL HEXAPHOSPHATE KINASE 3; IP6K3,Q96PC2
AXL,109135,AXL RECEPTOR TYROSINE KINASE; AXL,P30530
PLK5,Not Found,Not Found,
AAK1,616405,ADAPTOR PROTEIN 2-ASSOCIATED KINASE 1; AAK1,Q2M2I8
STK3,605030,SERINE/THREONINE PROTEIN KINASE 3; STK3,Q13188
PAK4,605451,p21 PROTEIN-ACTIVATED KINASE 4; PAK4,O96013
FES,190030,"FES PROTOONCOGENE, TYROSINE KINASE; FES",P07332
CDK14,610679,CYCLIN-DEPENDENT KINASE 14; CDK14,O94921
SNRK,612760,SNF-RELATED KINASE; SNRK,Q9NRH2
STK32B,119530,OROFACIAL CLEFT 1; OFC1,
PBK,611210,PDZ-BINDING KINASE; PBK,Q96KB5
BRSK2,609236,BR SERINE/THREONINE KINASE 2; BRSK2,Q8IWQ3
EPHA6,600066,EPHRIN RECEPTOR EphA6; EPHA6,Q9UF33
SMG1,607032,SMG1 NONSENSE-MEDIATED mRNA DECAY-ASSOCIATED PI3K-RELATED KINASE; SMG1,Q96Q15
ADCK1,620399,AARF DOMAIN-CONTAINING KINASE 1; ADCK1,Q86TW2
STK24,604984,SERINE/THREONINE PROTEIN KINASE 24; STK24,Q9Y6E0
MAPKAPK2,602006,MITOGEN-ACTIVATED PROTEIN KINASE-ACTIVATED PROTEIN KINASE 2; MAPKAPK2,P49137
PTK2B,601212,"PROTEIN-TYROSINE KINASE 2, BETA; PTK2B",Q14289
LMTK3,619624,LEMUR TYROSINE KINASE 3; LMTK3,Q96Q04
SCYL3,608192,SCY1-LIKE PROTEIN 3; SCYL3,Q8IZE3
CDK11A,116951,CYCLIN-DEPENDENT KINASE 11A; CDK11A,Q9UQ88
CDKL2,603442,CYCLIN-DEPENDENT KINASE-LIKE 2; CDKL2,Q92772
RYK,600524,RYK RECEPTOR-LIKE TYROSINE KINASE; RYK,P34925
CDK1,116940,CYCLIN-DEPENDENT KINASE 1; CDK1,P06493
MLKL,615153,MIXED LINEAGE KINASE DOMAIN-LIKE PROTEIN; MLKL,Q8NB16
TAOK2,613199,TAO KINASE 2; TAOK2,Q9UL54
SIK2,608973,SALT-INDUCIBLE KINASE 2; SIK2,Q9H0K1
PEAK1,614248,PSEUDOPODIUM-ENRICHED ATYPICAL KINASE 1,Q9H792
SGK2,607589,SERUM/GLUCOCORTICOID-REGULATED KINASE 2; SGK2,Q9HBY8
ULK2,608650,UNC51-LIKE AUTOPHAGY-ACTIVATING KINASE 2; ULK2,Q8IYT8
ITPKA,147521,"INOSITOL 1,4,5-TRISPHOSPHATE 3-KINASE A; ITPKA",P23677
CDKL4,Not Found,Not Found,
DCLK2,613166,DOUBLECORTIN-LIKE KINASE 2; DCLK2,Q8N568
ROS1,165020,"ROS PROTOONCOGENE 1, RECEPTOR TYROSINE KINASE; ROS1",P08922
TXK,600058,PROTEIN TYROSINE KINASE TXK; TXK,P42681
PIM3,610580,ONCOGENE PIM3; PIM3,Q86V86
CDK7,601955,CYCLIN-DEPENDENT KINASE 7; CDK7,P50613
TESK2,604746,TESTIS-ASSOCIATED ACTIN-MODELING KINASE 2; TESK2,Q96S53
RIOK1,617753,RIO KINASE 1; RIOK1,Q9BRS2
CDK9,603251,CYCLIN-DEPENDENT KINASE 9; CDK9,P50750
ACVR2A,102581,"ACTIVIN A RECEPTOR, TYPE IIA; ACVR2A",P27037
EPHA8,176945,EPHRIN RECEPTOR EphA8; EPHA8,P29322
DDR1,600408,"DISCOIDIN DOMAIN RECEPTOR FAMILY, MEMBER 1; DDR1",Q08345
FLT1,165070,FMS-RELATED TYROSINE KINASE 1; FLT1,P17948
ARAF,311010,"ARAF PROTOONCOGENE, SERINE/THREONINE KINASE; ARAF",P10398
NEK7,606848,NIMA-RELATED KINASE 7; NEK7,Q8TDX7
AATK,605276,APOPTOSIS-ASSOCIATED TYROSINE KINASE; AATK,Q6ZMQ8
SRPK2,602980,SRSF PROTEIN KINASE 2; SRPK2,P78362
MAPK15,618616,MITOGEN-ACTIVATED PROTEIN KINASE 15; MAPK15,Q8TD08
GSK3B,605004,GLYCOGEN SYNTHASE KINASE 3-BETA; GSK3B,P49841
MARK2,600526,MAP/MICROTUBULE AFFINITY-REGULATING KINASE 2; MARK2,Q7KZI7
PASK,607505,PAS DOMAIN-CONTAINING SERINE/THREONINE KINASE; PASK,Q96RG2
STK32A,Not Found,Not Found,
CAMKV,614993,CAM KINASE-LIKE VESICLE-ASSOCIATED; CAMKV,Q8NCB2
MAPK11,602898,MITOGEN-ACTIVATED PROTEIN KINASE 11; MAPK11,Q15759
DYRK4,609181,DUAL-SPECIFICITY TYROSINE PHOSPHORYLATION-REGULATED KINASE 4; DYRK4,Q9NR20
PIM2,300295,"PIM2 PROTOONCOGENE, SERINE/THREONINE KINASE; PIM2",Q9P1W9
MKNK1,606724,MITOGEN-ACTIVATED PROTEIN KINASE-INTERACTING SERINE/THREONINE KINASE 1; MKNK1,Q9BUB5
IP6K1,606991,INOSITOL HEXAPHOSPHATE KINASE 1; IP6K1,Q92551
KSR2,610737,KINASE SUPPRESSOR OF RAS 2; KSR2,Q6VAB6
DCLK3,613167,DOUBLECORTIN-LIKE KINASE 3; DCLK3,Q9C098
RSKR,Not Found,Not Found,
DYRK2,603496,DUAL-SPECIFICITY TYROSINE PHOSPHORYLATION-REGULATED KINASE 2; DYRK2,Q92630
MAPK4,176949,MITOGEN-ACTIVATED PROTEIN KINASE 4; MAPK4,P31152
CDK16,311550,CYCLIN-DEPENDENT KINASE 16; CDK16,Q00536
STK16,604719,SERINE/THREONINE PROTEIN KINASE 16; STK16,O75716
PAK5,608038,p21 PROTEIN-ACTIVATED KINASE 5; PAK5,Q9P286
ETNK2,609859,ETHANOLAMINE KINASE 2; ETNK2,Q9NVF9
PI4K2B,612101,"PHOSPHATIDYLINOSITOL 4-KINASE, TYPE 2, BETA; PI4K2B",Q8TCG2
FAM20B,611063,FAM20B GLYCOSAMINOGLYCAN XYLOSYLKINASE; FAM20B,O75063
TESK1,601782,TESTIS-ASSOCIATED ACTIN-MODELING KINASE 1; TESK1,Q15569
ULK1,603168,UNC51-LIKE AUTOPHAGY-ACTIVATING KINASE 1; ULK1,O75385
PDPK2P,Not Found,Not Found,
ADCK5,Not Found,Not Found,
PSKH1,177015,PROTEIN SERINE KINASE H1; PSKH1,P11801
LIMK2,601988,LIM DOMAIN KINASE 2; LIMK2,P53671
VRK2,602169,VRK SERINE/THREONINE KINASE 2; VRK2,Q86Y07
STK38,606964,SERINE/THREONINE PROTEIN KINASE 38; STK38,Q15208
PAN3,617448,PABP-DEPENDENT POLY(A) NUCLEASE 3; PAN3,Q58A45
CSNK2A3,Not Found,Not Found,
ABL2,164690,"ABL PROTOONCOGENE 2, NONRECEPTOR TYROSINE KINASE; ABL2",P42684
HUNK,606532,HORMONALLY UPREGULATED NEU-ASSOCIATED KINASE; HUNK,P57058
PRKCZ,176982,"PROTEIN KINASE C, ZETA FORM; PRKCZ",Q05513
MAP2K4,601335,MITOGEN-ACTIVATED PROTEIN KINASE KINASE 4; MAP2K4,P45985
MAP2K7,603014,MITOGEN-ACTIVATED PROTEIN KINASE KINASE 7; MAP2K7,O14733
DAPK1,600831,DEATH-ASSOCIATED PROTEIN KINASE 1; DAPK1,P53355
SLK,616563,STE20-LIKE PROTEIN KINASE; SLK,Q9H2G2
MAPK13,602899,MITOGEN-ACTIVATED PROTEIN KINASE 13; MAPK13,O15264
NUAK1,608130,"NUAK FAMILY, SNF1-LIKE KINASE, 1; NUAK1",O60285
FN3KRP,611683,FRUCTOSAMINE 3-KINASE-RELATED PROTEIN,Q9HA64
STK17A,604726,SERINE/THREONINE PROTEIN KINASE 17A; STK17A,Q9UEE5
CLK3,602990,CDC-LIKE KINASE 3; CLK3,P49761
RPS6KA4,603606,RIBOSOMAL PROTEIN S6 KINASE A4; RPS6KA4,O75676
BRSK1,609235,BR SERINE/THREONINE KINASE 1; BRSK1,Q8TDC3
TSSK1B,610709,TESTIS-SPECIFIC SERINE/THREONINE KINASE 1; TSSK1,Q9BXA7
GRK4,137026,G PROTEIN-COUPLED RECEPTOR KINASE 4; GRK4,P32298
RIPK3,605817,RECEPTOR-INTERACTING SERINE/THREONINE KINASE 3; RIPK3,Q9Y572
RIPK2,603455,RECEPTOR-INTERACTING SERINE/THREONINE KINASE 2; RIPK2,O43353
PRKCQ,600448,"PROTEIN KINASE C, THETA; PRKCQ",Q04759
FRK,606573,FYN-RELATED SRC FAMILY TYROSINE KINASE; FRK,P42685
CAMK1D,607957,CALCIUM/CALMODULIN-DEPENDENT PROTEIN KINASE I-DELTA; CAMK1D,Q8IU85
PSKH2,620394,PROTEIN SERINE KINASE H2; PSKH2,Q96QS6
SBK2,620414,"SH3 DOMAIN-BINDING KINASE FAMILY, MEMBER 2; SBK2",P0C263
TSSK4,610711,TESTIS-SPECIFIC SERINE/THREONINE KINASE 4; TSSK4,Q6SA08
ALPK2,619965,ALPHA KINASE 2; ALPK2,Q86TB3
PRKD2,607074,PROTEIN KINASE D2; PRKD2,Q9BZL6
TNK1,608076,"TYROSINE KINASE, NONRECEPTOR, 1; TNK1",Q13470
NEK3,604044,NIMA-RELATED KINASE 3; NEK3,P51956
MAST2,612257,MICROTUBULE-ASSOCIATED SERINE/THREONINE KINASE 2; MAST2,Q6P0Q8
LTK,151520,LEUKOCYTE TYROSINE KINASE; LTK,P29376
NEK4,601959,NIMA-RELATED KINASE 4; NEK4,P51957
NRBP2,615563,NUCLEAR RECEPTOR-BINDING PROTEIN 2; NRBP2,Q9NSY0
PNCK,300680,"PREGNANCY-UPREGULATED, NONUBIQUITOUS, CAM KINASE; PNCK",Q6P2M8
IPMK,609851,INOSITOL POLYPHOSPHATE MULTIKINASE; IPMK,Q8NFU5
EPHA7,602190,EPHRIN RECEPTOR EphA7; EPHA7,Q15375
HIPK4,611712,HOMEODOMAIN-INTERACTING PROTEIN KINASE 4; HIPK4,Q8NE63
RPS6KA1,601684,RIBOSOMAL PROTEIN S6 KINASE A1; RPS6KA1,Q15418
AURKB,604970,AURORA KINASE B; AURKB,Q96GD4
PTK7,601890,PROTEIN-TYROSINE KINASE PTK7; PTK7,Q13308
EPHA4,602188,EPHRIN RECEPTOR EphA4; EPHA4,P54764
PRKCA,176960,"PROTEIN KINASE C, ALPHA; PRKCA",P17252
PIP4K2C,617104,"PHOSPHATIDYLINOSITOL 5-PHOSPHATE 4-KINASE, TYPE II, GAMMA; PIP4K2C",
TSSK2,610710,TESTIS-SPECIFIC SERINE/THREONINE KINASE 2; TSSK2,Q96PF2
CSNK2A2,115442,"CASEIN KINASE II, ALPHA-2; CSNK2A2",P19784
PIP4K2A,603140,"PHOSPHATIDYLINOSITOL 5-PHOSPHATE 4-KINASE, TYPE II, ALPHA; PIP4K2A",P48426
PIK3C3,602609,"PHOSPHATIDYLINOSITOL 3-KINASE, CLASS 3; PIK3C3",Q8NEB9
DYRK3,603497,DUAL-SPECIFICITY TYROSINE PHOSPHORYLATION-REGULATED KINASE 3; DYRK3,O43781
STK35,609370,SERINE/THREONINE KINASE 35; STK35,Q8TDR2
MINK1,609426,MISSHAPEN/NIK-RELATED KINASE 1; MINK1,Q8N4C8
UHMK1,608849,U2AF HOMOLOGY MOTIF KINASE 1; UHMK1,Q8TAS1
GRK6,600869,G PROTEIN-COUPLED RECEPTOR KINASE 6; GRK6,P43250
MAP3K10,600137,MITOGEN-ACTIVATED PROTEIN KINASE KINASE KINASE 10; MAP3K10,Q02779
TSSK6,610712,TESTIS-SPECIFIC SERINE/THREONINE KINASE 6; TSSK6,Q9BXA6
MAP2K3,602315,MITOGEN-ACTIVATED PROTEIN KINASE KINASE 3; MAP2K3,P46734
TTK,604092,TTK PROTEIN KINASE; TTK,P33981
MAST4,618002,MICROTUBULE-ASSOCIATED SERINE/THREONINE KINASE 4; MAST4,O15021
SRMS,617797,SRC-RELATED KINASE LACKING C-TERMINAL REGULATORY TYROSINE AND N-TERMINAL MYRISTYLATION SITES; SRMS,Q9H3Y6
HIPK3,604424,HOMEODOMAIN-INTERACTING PROTEIN KINASE 3; HIPK3,Q9H422
PIP5K1B,602745,"PHOSPHATIDYLINOSITOL 4-PHOSPHATE 5-KINASE, TYPE I, BETA; PIP5K1B",O14986
PRKCI,600539,"PROTEIN KINASE C, IOTA FORM; PRKCI",P41743
MAP2K5,602520,MITOGEN-ACTIVATED PROTEIN KINASE KINASE 5; MAP2K5,
PEAK3,618526,PEAK FAMILY MEMBER 3; PEAK3,
MOK,605762,MOK PROTEIN KINASE; MOK,
STK26,300547,SERINE/THREONINE KINASE 26; STK26,
SBK3,Not Found,Not Found,
PKN3,610714,PROTEIN KINASE N3; PKN3,
EEF2K,606968,EUKARYOTIC ELONGATION FACTOR 2 KINASE; EEF2K,
CDKL3,608459,CYCLIN-DEPENDENT KINASE-LIKE 3; CDKL3,
HIPK1,608003,HOMEODOMAIN-INTERACTING PROTEIN KINASE 1; HIPK1,
MAP3K8,191195,MITOGEN-ACTIVATED PROTEIN KINASE KINASE KINASE 8; MAP3K8,
ERN1,604033,ENDOPLASMIC RETICULUM-TO-NUCLEUS SIGNALING 1; ERN1,
GUCY2F,300041,"GUANYLATE CYCLASE 2F, RETINAL; GUCY2F",
PRKCB,176970,"PROTEIN KINASE C, BETA; PRKCB",
MAPK6,602904,MITOGEN-ACTIVATED PROTEIN KINASE 6; MAPK6,
LATS1,603473,LARGE TUMOR SUPPRESSOR KINASE 1; LATS1,
CSNK1A1,600505,"CASEIN KINASE I, ALPHA-1; CSNK1A1",
DAPK2,616567,DEATH-ASSOCIATED PROTEIN KINASE 2; DAPK2,
PAK6,608110,p21 PROTEIN-ACTIVATED KINASE 6; PAK6,
OXSR1,604046,OXIDATIVE STRESS-RESPONSIVE 1; OXSR1,
MELK,607025,MATERNAL EMBRYONIC LEUCINE ZIPPER KINASE; MELK,
PIP5K1A,603275,"PHOSPHATIDYLINOSITOL 4-PHOSPHATE 5-KINASE, TYPE I, ALPHA; PIP5K1A",
MAP3K6,604468,MITOGEN-ACTIVATED PROTEIN KINASE KINASE KINASE 6; MAP3K6,
CAMKK2,615002,"CALCIUM/CALMODULIN-DEPENDENT PROTEIN KINASE KINASE 2, BETA; CAMKK2",
STK38L,615836,SERINE/THREONINE PROTEIN KINASE 38-LIKE PROTEIN; STK38L,
PRAG1,617344,PEAK1-RELATED KINASE-ACTIVATING PSEUDOKINASE 1; PRAG1,
NIM1K,Not Found,Not Found,
ERN2,604034,ENDOPLASMIC RETICULUM-TO-NUCLEUS SIGNALING 2; ERN2,
HASPIN,609240,HISTONE H3-ASSOCIATED PROTEIN KINASE; HASPIN,
NRK,300791,NIK-RELATED KINASE; NRK,
CLK4,607969,CDC-LIKE KINASE 4; CLK4,
INSRR,147671,INSULIN RECEPTOR-RELATED RECEPTOR; INSRR,
PXK,611450,PXK DOMAIN-CONTAINING SERINE/THREONINE KINASE; PXK,
MAP3K5,602448,MITOGEN-ACTIVATED PROTEIN KINASE KINASE KINASE 5; MAP3K5,
NEK6,604884,NIMA-RELATED KINASE 6; NEK6,
PDIK1L,610785,PDLIM1-INTERACTING KINASE 1-LIKE; PDIK1L,
CLK1,601951,CDC-LIKE KINASE 1; CLK1,
MKNK2,605069,MITOGEN-ACTIVATED PROTEIN KINASE-INTERACTING SERINE/THREONINE KINASE 2; MKNK2,
MAP3K3,602539,MITOGEN-ACTIVATED KINASE KINASE KINASE 3; MAP3K3,
STK10,603919,SERINE/THREONINE PROTEIN KINASE 10; STK10,
PRKX,300083,"PROTEIN KINASE, X-LINKED; PRKX",
NPR1,108960,NATRIURETIC PEPTIDE RECEPTOR A/GUANYLATE CYCLASE A; NPR1,
CAMK1G,614994,CALCIUM/CALMODULIN-DEPENDENT PROTEIN KINASE IG; CAMK1G,
SRPK1,601939,SRSF PROTEIN KINASE 1; SRPK1,
GAK,602052,CYCLIN G-ASSOCIATED KINASE; GAK,
MYLK3,612147,MYOSIN LIGHT CHAIN KINASE 3; MYLK3,
ROCK1,601702,RHO-ASSOCIATED COILED-COIL-CONTAINING PROTEIN KINASE 1; ROCK1,
CDKL1,603441,CYCLIN-DEPENDENT KINASE-LIKE 1; CDKL1,
NLK,609476,NEMO-LIKE KINASE; NLK,
HYKK,614681,AMINOGLYCOSIDE PHOSPHOTRANSFERASE DOMAIN-CONTAINING PROTEIN 1; AGPHD1,
WNK2,606249,"PROTEIN KINASE, LYSINE-DEFICIENT 2; WNK2",
FN3K,608425,FRUCTOSAMINE 3-KINASE,
CSNK1A1L,Not Found,Not Found,
EPHB3,601839,EPHRIN RECEPTOR EphB3; EPHB3,
ADCK2,Not Found,Not Found,
CDK15,616147,CYCLIN-DEPENDENT KINASE 15; CDK15,
STK17B,604727,SERINE/THREONINE PROTEIN KINASE 17B; STK17B,
STK32C,Not Found,Not Found,
ACAD10,611181,"ACYL-CoA DEHYDROGENASE FAMILY, MEMBER 10; ACAD10",
SGK1,602958,SERUM/GLUCOCORTICOID-REGULATED KINASE 1; SGK1,
STK31,605790,SERINE/THREONINE KINASE 31; STK31,
ROCK2,604002,RHO-ASSOCIATED COILED-COIL-CONTAINING PROTEIN KINASE 2; ROCK2,
CSK,124095,C-TERMINAL SRC KINASE; CSK,
MAPK3,601795,MITOGEN-ACTIVATED PROTEIN KINASE 3; MAPK3,
STK25,602255,SERINE/THREONINE PROTEIN KINASE 25; STK25,
HIPK2,606868,HOMEODOMAIN-INTERACTING PROTEIN KINASE 2; HIPK2,
PLK3,602913,POLO-LIKE KINASE 3; PLK3,
ULK4,617010,UNC51-LIKE KINASE 4; ULK4,
MAP4K1,601983,MITOGEN-ACTIVATED PROTEIN KINASE KINASE KINASE KINASE 1; MAP4K1,
SRPK3,301002,SRSF PROTEIN KINASE 3; SRPK3,
MAP4K3,604921,MITOGEN-ACTIVATED PROTEIN KINASE KINASE KINASE KINASE 3; MAP4K3,
EPHA5,600004,EPHRIN RECEPTOR EphA5; EPHA5,
GRK5,600870,G PROTEIN-COUPLED RECEPTOR KINASE 5; GRK5,
PIK3CB,602925,"PHOSPHATIDYLINOSITOL 3-KINASE, CATALYTIC, BETA; PIK3CB",
MAP3K2,609487,MITOGEN-ACTIVATED PROTEIN KINASE KINASE KINASE 2; MAP3K2,
MAP3K19,Not Found,Not Found,
CDK3,123828,CYCLIN-DEPENDENT KINASE 3; CDK3,
MYLK4,Not Found,Not Found,
IP6K2,606992,INOSITOL HEXAPHOSPHATE KINASE 2; IP6K2,
MAP3K12,600447,MITOGEN-ACTIVATED PROTEIN KINASE KINASE KINASE 12; MAP3K12,
CSNK1E,600863,"CASEIN KINASE I, EPSILON; CSNK1E",
GRK3,109636,BETA-ADRENERGIC RECEPTOR KINASE 2; ADRBK2,
PTK6,602004,PROTEIN-TYROSINE KINASE 6; PTK6,
STK39,607648,SERINE/THREONINE PROTEIN KINASE 39; STK39,
CDK11B,176873,CYCLIN-DEPENDENT KINASE 11B; CDK11B,
TLK1,608438,TOUSLED-LIKE KINASE 1; TLK1,
EPHA3,179611,EPHRIN RECEPTOR EphA3; EPHA3,
CSNK1G2,602214,"CASEIN KINASE I, GAMMA-2; CSNK1G2",
MARK4,606495,MAP/MICROTUBULE AFFINITY-REGULATING KINASE 4; MARK4,
STK40,609437,SERINE/THREONINE PROTEIN KINASE 40; STK40,
ACAD11,614288,"ACYL-CoA DEHYDROGENASE FAMILY, MEMBER 11; ACAD11",
PRKAA1,602739,"PROTEIN KINASE, AMP-ACTIVATED, CATALYTIC, ALPHA-1; PRKAA1",
FER,176942,FPS/FES-RELATED TYROSINE KINASE; FER,
PKN2,602549,PROTEIN KINASE N2; PKN2,
PIP4K2B,603261,"PHOSPHATIDYLINOSITOL 5-PHOSPHATE 4-KINASE, TYPE II, BETA; PIP4K2B",
TRIB1,609461,TRIBBLES PSEUDOKINASE 1; TRIB1,
GRK2,109635,G PROTEIN-COUPLED RECEPTOR KINASE 2; GRK2,
ACVR1C,608981,"ACTIVIN A RECEPTOR, TYPE IC; ACVR1C",
TYRO3,600341,TYRO3 PROTEIN TYROSINE KINASE; TYRO3,
CLK2,602989,CDC-LIKE KINASE 2; CLK2,
RIOK3,603579,RIO KINASE 3; RIOK3,
EPHA1,179610,EPHRIN RECEPTOR EphA1; EPHA1,
ITPKB,147522,"INOSITOL 1,4,5-TRISPHOSPHATE 3-KINASE B; ITPKB",
RIOK2,617754,RIO KINASE 2; RIOK2,
